<allskill>
  <skill id="1001" name="" minAttackDist="4" skilltype="0" animatorClip="30" fireEffUrl="luoli_atk2" fireTime="0" fireEffPos="0" isUseMoveEff="1" moveEffUrl="luoli_atk_missile" isSingleMove="0" moveBeginTime="0.2" isQunGong="1" harmDist="5" isNeedAppoint="0" explodeEffUrl="luoli_atk_hit" isShakeCamera="1" shakeTime="0.6" beatonData="" />
  <skill id="1002" name="霹雳掌" minAttackDist="2" skilltype="0" animatorClip="20" fireEffUrl="boss04_atk0" fireTime="0.2" fireEffPos="0" isUseMoveEff="1" moveEffUrl="" isSingleMove="0" moveBeginTime="0.2" isQunGong="1" harmDist="0.2" isNeedAppoint="1" explodeEffUrl="" isShakeCamera="1" shakeTime="0.6" beatonData="" />
  <skill id="10012" name="矮人普攻2" minAttackDist="3" skilltype="0" animatorClip="22" fireEffUrl="airen_atk2" fireTime="0" fireEffPos="0" isUseMoveEff="0" moveEffUrl="" isSingleMove="1" moveBeginTime="0.2" isQunGong="1" harmDist="4" isNeedAppoint="0" explodeEffUrl="" isShakeCamera="0" shakeTime="0.6" beatonData="51,hit_08dian,0.5,1" />
  <skill id="10010" name="矮人普攻1" minAttackDist="3" skilltype="0" animatorClip="20" fireEffUrl="airen_atk0" fireTime="0" fireEffPos="0" isUseMoveEff="0" moveEffUrl="" isSingleMove="0" moveBeginTime="0.2" isQunGong="0" harmDist="3" isNeedAppoint="0" explodeEffUrl="" isShakeCamera="0" shakeTime="0.6" beatonData="40,hit_08dian,0.5,0" />
  <skill id="10011" name="矮人普攻2" minAttackDist="3" skilltype="0" animatorClip="20" fireEffUrl="airen_atk1" fireTime="0" fireEffPos="0" isUseMoveEff="0" moveEffUrl="" isSingleMove="1" moveBeginTime="0.2" isQunGong="1" harmDist="4" isNeedAppoint="0" explodeEffUrl="" isShakeCamera="0" shakeTime="0.6" beatonData="40,hit_08dian,0.4,0" />
  <skill id="10020" name="矮人技能攻击1" minAttackDist="3" skilltype="0" animatorClip="30" fireEffUrl="airen_skl0" fireTime="0" fireEffPos="0" isUseMoveEff="0" moveEffUrl="" isSingleMove="1" moveBeginTime="0.2" isQunGong="1" harmDist="5" isNeedAppoint="0" explodeEffUrl="" isShakeCamera="1" shakeTime="0.8" beatonData="40,,0.8,2" />
  <skill id="10022" name="矮人技能攻击3" minAttackDist="4" skilltype="0" animatorClip="32" fireEffUrl="airen_skl2" fireTime="0" fireEffPos="0" isUseMoveEff="0" moveEffUrl="" isSingleMove="1" moveBeginTime="0.2" isQunGong="1" harmDist="5" isNeedAppoint="0" explodeEffUrl="" isShakeCamera="0" shakeTime="0.6" beatonData="40,hit_08dian,0.8,0|51,hit_08dian,1.6,0" />
  <skill id="10021" name="矮人技能攻击2" minAttackDist="100" skilltype="0" animatorClip="31" fireEffUrl="airen_skl1" fireTime="0.2" fireEffPos="0" isUseMoveEff="0" moveEffUrl="" isSingleMove="1" moveBeginTime="0.2" isQunGong="0" harmDist="0.2" isNeedAppoint="0" explodeEffUrl="" isShakeCamera="0" shakeTime="0" beatonData="" />
  <skill id="10030" name="哥布林普攻" minAttackDist="5" skilltype="0" animatorClip="20" fireEffUrl="fujiangdjfs_atk0" fireTime="0" fireEffPos="0" isUseMoveEff="1" moveEffUrl="fujiangdjfs_atk0_missile" isSingleMove="1" moveBeginTime="0.2" isQunGong="1" harmDist="5" isNeedAppoint="0" explodeEffUrl="" isShakeCamera="0" shakeTime="0.8" beatonData="40,hit_04,0,0" />
  <skill id="10040" name="" minAttackDist="4" skilltype="0" animatorClip="20" fireEffUrl="luoli_atk0" fireTime="0.2" fireEffPos="0" isUseMoveEff="1" moveEffUrl="luoli_atk_missile" isSingleMove="0" moveBeginTime="0.8" isQunGong="1" harmDist="5" isNeedAppoint="0" explodeEffUrl="" isShakeCamera="0" shakeTime="0.8" beatonData="40,hit_11_js,0.1,0" />
  <skill id="10031" name="哥布林普攻2" minAttackDist="7" skilltype="0" animatorClip="22" fireEffUrl="" fireTime="0" fireEffPos="0" isUseMoveEff="1" moveEffUrl="fujiangdjfs_atk0_missile" isSingleMove="1" moveBeginTime="1" isQunGong="1" harmDist="5" isNeedAppoint="0" explodeEffUrl="fujiangdjfs_atk2_hit" isShakeCamera="0" shakeTime="0.8" beatonData="40,hit_04,0,0" />
</allskill>